INSERT INTO Customers (customer_id, first_name, last_name, gender, dob, address, city, state, zip, phone, email) VALUES
('CUST0001', 'Erik', 'Andersson', 'Male', '1975-03-12', 'Storgatan 12', 'Stockholm', 'Stockholm', '114 55', '0701234567', 'erik.andersson@example.se'),
('CUST0002', 'Anna', 'Johansson', 'Female', '1982-07-23', 'Västra Vägen 8', 'Göteborg', 'Västra Götaland', '412 56', '0732345678', 'anna.johansson@example.se'),
('CUST0003', 'Lars', 'Karlsson', 'Male', '1969-11-05', 'Kungsgatan 45', 'Malmö', 'Skåne', '211 43', '0763456789', 'lars.karlsson@example.se'),
('CUST0004', 'Maria', 'Nilsson', 'Female', '1985-01-15', 'Östra Storgatan 3', 'Uppsala', 'Uppsala', '753 21', '0724567890', 'maria.nilsson@example.se'),
('CUST0005', 'Johan', 'Eriksson', 'Male', '1970-06-30', 'Södra Vägen 22', 'Västerås', 'Västmanland', '722 15', '0705678901', 'johan.eriksson@example.se'),
('CUST0006', 'Karin', 'Larsson', 'Female', '1990-09-10', 'Norrlandsgatan 17', 'Örebro', 'Örebro', '703 61', '0736789012', 'karin.larsson@example.se'),
('CUST0007', 'Per', 'Olsson', 'Male', '1988-04-04', 'Drottninggatan 5', 'Linköping', 'Östergötland', '582 22', '0767890123', 'per.olsson@example.se'),
('CUST0008', 'Eva', 'Svensson', 'Female', '1977-12-19', 'Skepparegatan 11', 'Helsingborg', 'Skåne', '252 32', '0728901234', 'eva.svensson@example.se'),
('CUST0009', 'Anders', 'Gustafsson', 'Male', '1965-08-27', 'Fabriksgatan 9', 'Jönköping', 'Jönköping', '553 22', '0709012345', 'anders.gustafsson@example.se'),
('CUST0010', 'Kristina', 'Pettersson', 'Female', '1983-05-14', 'Bergsgatan 4', 'Norrköping', 'Östergötland', '602 32', '0730123456', 'kristina.pettersson@example.se'),
('CUST0011', 'Magnus', 'Jonsson', 'Male', '1972-11-29', 'Lilla Torg 7', 'Lund', 'Skåne', '222 22', '0761234567', 'magnus.jonsson@example.se'),
('CUST0012', 'Sofia', 'Johansdotter', 'Female', '1991-03-03', 'Stora Gatan 14', 'Karlstad', 'Värmland', '652 20', '0722345678', 'sofia.johansdotter@example.se'),
('CUST0013', 'Fredrik', 'Nilsson', 'Male', '1980-07-07', 'Västra Hamngatan 19', 'Gävle', 'Gävleborg', '802 52', '0703456789', 'fredrik.nilsson@example.se'),
('CUST0014', 'Elin', 'Berg', 'Female', '1993-10-21', 'Stationsgatan 3', 'Borås', 'Västra Götaland', '503 32', '0734567890', 'elin.berg@example.se'),
('CUST0015', 'Oskar', 'Lindberg', 'Male', '1978-02-18', 'Kvarngatan 6', 'Eskilstuna', 'Södermanland', '632 20', '0765678901', 'oskar.lindberg@example.se'),
('CUST0016', 'Jenny', 'Axelsson', 'Female', '1986-09-09', 'Södra Torggatan 10', 'Halmstad', 'Halland', '302 42', '0726789012', 'jenny.axelsson@example.se'),
('CUST0017', 'Daniel', 'Holm', 'Male', '1974-12-12', 'Kungsgatan 8', 'Luleå', 'Norrbotten', '972 31', '0707890123', 'daniel.holm@example.se'),
('CUST0018', 'Malin', 'Lundgren', 'Female', '1989-06-25', 'Storgatan 20', 'Trollhättan', 'Västra Götaland', '461 30', '0738901234', 'malin.lundgren@example.se'),
('CUST0019', 'Peter', 'Sjöberg', 'Male', '1967-04-02', 'Västra Storgatan 13', 'Kalmar', 'Kalmar', '392 32', '0769012345', 'peter.sjoberg@example.se'),
('CUST0020', 'Sara', 'Ek', 'Female', '1992-11-11', 'Nygatan 9', 'Växjö', 'Kronoberg', '352 30', '0720123456', 'sara.ek@example.se');

INSERT INTO Agents (agent_id, first_name, last_name, phone, email, address) VALUES
('AGT0001', 'Johan', 'Svensson', '0701234561', 'johan.svensson@agency.se', 'Agentvägen 1'),
('AGT0002', 'Lisa', 'Berg', '0701234562', 'lisa.berg@agency.se', 'Agentvägen 2'),
('AGT0003', 'Erik', 'Lind', '0701234563', 'erik.lind@agency.se', 'Agentvägen 3'),
('AGT0004', 'Anna', 'Holm', '0701234564', 'anna.holm@agency.se', 'Agentvägen 4'),
('AGT0005', 'Per', 'Nilsson', '0701234565', 'per.nilsson@agency.se', 'Agentvägen 5'),
('AGT0006', 'Maria', 'Lund', '0701234566', 'maria.lund@agency.se', 'Agentvägen 6'),
('AGT0007', 'Fredrik', 'Karlsson', '0701234567', 'fredrik.karlsson@agency.se', 'Agentvägen 7'),
('AGT0008', 'Sara', 'Olsson', '0701234568', 'sara.olsson@agency.se', 'Agentvägen 8'),
('AGT0009', 'Magnus', 'Eriksson', '0701234569', 'magnus.eriksson@agency.se', 'Agentvägen 9'),
('AGT0010', 'Karin', 'Johansson', '0701234570', 'karin.johansson@agency.se', 'Agentvägen 10'),
('AGT0011', 'Daniel', 'Axelsson', '0701234571', 'daniel.axelsson@agency.se', 'Agentvägen 11'),
('AGT00112', 'Elin', 'Persson', '0701234572', 'elin.persson@agency.se', 'Agentvägen 12'),
('AGT0013', 'Oskar', 'Sjöberg', '0701234573', 'oskar.sjoberg@agency.se', 'Agentvägen 13'),
('AGT0014', 'Jenny', 'Bergström', '0701234574', 'jenny.bergstrom@agency.se', 'Agentvägen 14'),
('AGT0015', 'Peter', 'Lundgren', '0701234575', 'peter.lundgren@agency.se', 'Agentvägen 15'),
('AGT0016', 'Malin', 'Svensson', '0701234576', 'malin.svensson@agency.se', 'Agentvägen 16'),
('AGT0017', 'Kristina', 'Holmberg', '0701234577', 'kristina.holmberg@agency.se', 'Agentvägen 17'),
('AGT0018', 'Anders', 'Lindberg', '0701234578', 'anders.lindberg@agency.se', 'Agentvägen 18'),
('AGT0019', 'Sofia', 'Pettersson', '0701234579', 'sofia.pettersson@agency.se', 'Agentvägen 19'),
('AGT0020', 'Magnus', 'Jonsson', '0701234580', 'magnus.jonsson@agency.se', 'Agentvägen 20');

INSERT INTO Policies (policy_id, customer_id, policy_type, policy_start_date, policy_end_date, premium_amount, policy_status) VALUES
('POL00001', 'CUST0001', 'Auto', '2023-01-01', '2024-01-01', '5000', 'active'),
('POL00002', 'CUST0002', 'Homeowners', '2023-02-15', '2024-02-15', '3000', 'active'),
('POL00003', 'CUST0003', 'Life', '2022-12-01', '2032-12-01', '1500', 'active'),
('POL00004', 'CUST0004', 'Renters', '2023-03-10', '2024-03-10', '1200', 'active'),
('POL00005', 'CUST0005', 'Auto', '2023-04-05', '2024-04-05', '4800', 'active'),
('POL00006', 'CUST0006', 'Life', '2023-05-20', '2033-05-20', '1600', 'active'),
('POL00007', 'CUST0007', 'Homeowners', '2023-06-15', '2024-06-15', '3200', 'active'),
('POL00008', 'CUST0008', 'Renters', '2023-07-01', '2024-07-01', '1100', 'active'),
('POL00009', 'CUST0009', 'Auto', '2023-08-12', '2024-08-12', '5100', 'active'),
('POL00010', 'CUST0010', 'Life', '2023-09-30', '2033-09-30', '1700', 'active'),
('POL00011', 'CUST0011', 'Homeowners', '2023-10-10', '2024-10-10', '3500', 'active'),
('POL00012', 'CUST0012', 'Renters', '2023-11-05', '2024-11-05', '1300', 'active'),
('POL00013', 'CUST0013', 'Auto', '2023-12-01', '2024-12-01', '4900', 'active'),
('POL00014', 'CUST0014', 'Life', '2024-01-15', '2034-01-15', '1550', 'active'),
('POL00015', 'CUST0015', 'Homeowners', '2024-02-20', '2025-02-20', '3400', 'active'),
('POL00016', 'CUST0016', 'Renters', '2024-03-10', '2025-03-10', '1250', 'active'),
('POL00017', 'CUST0017', 'Auto', '2024-04-05', '2025-04-05', '5200', 'active'),
('POL00018', 'CUST0018', 'Life', '2024-05-15', '2034-05-15', '1650', 'active'),
('POL00019', 'CUST0019', 'Homeowners', '2024-06-01', '2025-06-01', '3600', 'active'),
('POL00020', 'CUST0020', 'Renters', '2024-07-01', '2025-07-01', '1150', 'active');

INSERT INTO Policy_Agents (policy_id, agent_id) VALUES
('POL00001', 'AGT0001'),
('POL00002', 'AGT0002'),
('POL00003', 'AGT0003'),
('POL00004', 'AGT0004'),
('POL00005', 'AGT0005'),
('POL00006', 'AGT0006'),
('POL00007', 'AGT0007'),
('POL00008', 'AGT0008'),
('POL00009', 'AGT0009'),
('POL00010', 'AGT0010'),
('POL00011', 'AGT0011'),
('POL00012', 'AGT0012'),
('POL00013', 'AGT0013'),
('POL00014', 'AGT0014'),
('POL00015', 'AGT0015'),
('POL00016', 'AGT0016'),
('POL00017', 'AGT0017'),
('POL00018', 'AGT0018'),
('POL00019', 'AGT0019'),
('POL00020', 'AGT0020');

INSERT INTO Claims (claim_id, policy_id, claim_type, claim_date, claim_amount, claim_status) VALUES
('CLM00001', 'POL00001', 'Accident', '2023-06-01', '15000', 'approved'),
('CLM00002', 'POL00002', 'Fire', '2023-07-15', '25000', 'pending'),
('CLM00003', 'POL00003', 'Death', '2023-05-20', '500000', 'approved'),
('CLM00004', 'POL00004', 'Theft', '2023-08-10', '5000', 'denied'),
('CLM00005', 'POL00005', 'Accident', '2023-09-05', '12000', 'approved'),
('CLM00006', 'POL00006', 'Death', '2023-10-20', '600000', 'pending'),
('CLM00007', 'POL00007', 'Fire', '2023-11-15', '22000', 'approved'),
('CLM00008', 'POL00008', 'Theft', '2023-12-01', '7000', 'pending'),
('CLM00009', 'POL00009', 'Accident', '2024-01-10', '13000', 'approved'),
('CLM00010', 'POL00010', 'Death', '2024-02-05', '550000', 'approved'),
('CLM00011', 'POL00011', 'Fire', '2024-03-15', '27000', 'pending'),
('CLM00012', 'POL00012', 'Theft', '2024-04-10', '6000', 'denied'),
('CLM00013', 'POL00013', 'Accident', '2024-05-20', '14000', 'approved'),
('CLM00014', 'POL00014', 'Death', '2024-06-15', '580000', 'pending'),
('CLM00015', 'POL00015', 'Fire', '2024-07-10', '26000', 'approved'),
('CLM00016', 'POL00016', 'Theft', '2024-08-05', '5500', 'pending'),
('CLM00017', 'POL00017', 'Accident', '2024-09-15', '13500', 'approved'),
('CLM00018', 'POL00018', 'Death', '2024-10-10', '610000', 'approved'),
('CLM00019', 'POL00019', 'Fire', '2024-11-05', '28000', 'pending'),
('CLM00020', 'POL00020', 'Theft', '2024-12-01', '5800', 'denied');

INSERT INTO Payments (payment_id, policy_id, payment_date, amount_paid, payment_method) VALUES
('PAY00001', 'POL00001', '2023-01-01', '5000', 'credit card'),
('PAY00002', 'POL00002', '2023-02-15', '3000', 'bank transfer'),
('PAY00003', 'POL00003', '2022-12-01', '1500', 'credit card'),
('PAY00004', 'POL00004', '2023-03-10', '1200', 'cash'),
('PAY00005', 'POL00005', '2023-04-05', '4800', 'credit card'),
('PAY00006', 'POL00006', '2023-05-20', '1600', 'bank transfer'),
('PAY00007', 'POL00007', '2023-06-15', '3200', 'credit card'),
('PAY00008', 'POL00008', '2023-07-01', '1100', 'cash'),
('PAY00009', 'POL00009', '2023-08-12', '5100', 'credit card'),
('PAY00010', 'POL00010', '2023-09-30', '1700', 'bank transfer'),
('PAY00011', 'POL00011', '2023-10-10', '3500', 'credit card'),
('PAY00012', 'POL00012', '2023-11-05', '1300', 'cash'),
('PAY00013', 'POL00013', '2023-12-01', '4900', 'credit card'),
('PAY00014', 'POL00014', '2024-01-15', '1550', 'bank transfer'),
('PAY00015', 'POL00015', '2024-02-20', '3400', 'credit card'),
('PAY00016', 'POL00016', '2024-03-10', '1250', 'cash'),
('PAY00017', 'POL00017', '2024-04-05', '5200', 'credit card'),
('PAY00018', 'POL00018', '2024-05-15', '1650', 'bank transfer'),
('PAY00019', 'POL00019', '2024-06-01', '3600', 'credit card'),
('PAY00020', 'POL00020', '2024-07-01', '1150', 'cash');

INSERT INTO Auto_Policies (auto_policy_id, policy_id, make, model, year, liability_amount, uninsured_motorist, underinsured_motorist, med_pay, collision_damage, named_insured, additional_driver) VALUES
('AUTO00001', 'POL00001', 'Volvo', 'XC60', '2020', '100000', '50000', '50000', '10000', '15000', 'Erik Andersson', 'Anna Andersson'),
('AUTO00002', 'POL00005', 'Saab', '9-3', '2018', '90000', '40000', '40000', '8000', '12000', 'Johan Eriksson', 'Lisa Eriksson'),
('AUTO00003', 'POL00009', 'Volkswagen', 'Golf', '2019', '95000', '45000', '45000', '9000', '13000', 'Anders Gustafsson', 'Maria Gustafsson'),
('AUTO00004', 'POL00013', 'BMW', 'X3', '2021', '110000', '55000', '55000', '11000', '16000', 'Fredrik Nilsson', 'Karin Nilsson'),
('AUTO00005', 'POL00017', 'Audi', 'A4', '2017', '105000', '52000', '52000', '10500', '15500', 'Daniel Holm', 'Elin Holm'),
('AUTO00006', 'POL00003', 'Tesla', 'Model 3', '2022', '120000', '60000', '60000', '12000', '17000', 'Lars Karlsson', 'Sofia Karlsson'),
('AUTO00007', 'POL00007', 'Ford', 'Focus', '2016', '85000', '42000', '42000', '7000', '11000', 'Maria Nilsson', 'Per Nilsson'),
('AUTO00008', 'POL00011', 'Toyota', 'Corolla', '2015', '80000', '40000', '40000', '6500', '10000', 'Magnus Jonsson', 'Jenny Jonsson'),
('AUTO00009', 'POL00015', 'Honda', 'Civic', '2018', '90000', '45000', '45000', '8500', '12500', 'Oskar Lindberg', 'Sara Lindberg'),
('AUTO00010', 'POL00019', 'Mercedes', 'C-Class', '2020', '115000', '57000', '57000', '11500', '16500', 'Peter Sjöberg', 'Kristina Sjöberg'),
('AUTO00011', 'POL00002', 'Volvo', 'V60', '2019', '95000', '45000', '45000', '9000', '13000', 'Anna Johansson', 'Fredrik Johansson'),
('AUTO00012', 'POL00006', 'BMW', 'X1', '2018', '90000', '44000', '44000', '8800', '12500', 'Karin Larsson', 'Magnus Larsson'),
('AUTO00013', 'POL00010', 'Audi', 'Q5', '2021', '110000', '55000', '55000', '11000', '16000', 'Kristina Pettersson', 'Daniel Pettersson'),
('AUTO00014', 'POL00014', 'Tesla', 'Model Y', '2022', '120000', '60000', '60000', '12000', '17000', 'Elin Berg', 'Peter Berg'),
('AUTO00015', 'POL00018', 'Volkswagen', 'Passat', '2017', '100000', '50000', '50000', '10000', '15000', 'Malin Lundgren', 'Oskar Lundgren'),
('AUTO00016', 'POL00004', 'Ford', 'Fiesta', '2015', '80000', '40000', '40000', '6500', '10000', 'Maria Nilsson', 'Jenny Nilsson'),
('AUTO00017', 'POL00008', 'Toyota', 'Camry', '2016', '85000', '42000', '42000', '7000', '11000', 'Eva Svensson', 'Magnus Svensson'),
('AUTO00018', 'POL00012', 'Honda', 'Accord', '2018', '90000', '45000', '45000', '8500', '12500', 'Sofia Johansdotter', 'Fredrik Johansdotter'),
('AUTO00019', 'POL00016', 'Mercedes', 'E-Class', '2020', '115000', '57000', '57000', '11500', '16500', 'Jenny Axelsson', 'Daniel Axelsson'),
('AUTO00020', 'POL00020', 'Volvo', 'S90', '2021', '110000', '55000', '55000', '11000', '16000', 'Sara Ek', 'Peter Ek');

INSERT INTO Homeowners_Policies (homeowners_policy_id, policy_id, liability_amount, property_damage_amount, premium) VALUES
('HOME00001', 'POL00002', '1000000', '500000', '3000'),
('HOME00002', 'POL00007', '1200000', '600000', '3200'),
('HOME00003', 'POL00011', '1100000', '550000', '3500'),
('HOME00004', 'POL00015', '1150000', '575000', '3400'),
('HOME00005', 'POL00019', '1250000', '625000', '3600'),
('HOME00006', 'POL00005', '1000000', '500000', '3100'),
('HOME00007', 'POL00009', '1050000', '525000', '3150'),
('HOME00008', 'POL00013', '1100000', '550000', '3200'),
('HOME00009', 'POL00017', '1200000', '600000', '3300'),
('HOME00010', 'POL00003', '1150000', '575000', '3250'),
('HOME00011', 'POL00006', '1000000', '500000', '3000'),
('HOME00012', 'POL00010', '1050000', '525000', '3100'),
('HOME00013', 'POL00014', '1100000', '550000', '3200'),
('HOME00014', 'POL00018', '1200000', '600000', '3400'),
('HOME00015', 'POL00020', '1250000', '625000', '3500'),
('HOME00016', 'POL00004', '1150000', '575000', '3300'),
('HOME00017', 'POL00008', '1100000', '550000', '3200'),
('HOME00018', 'POL00012', '1050000', '525000', '3100'),
('HOME00019', 'POL00016', '1000000', '500000', '3000'),
('HOME00020', 'POL00001', '1200000', '600000', '3400');

INSERT INTO Renters_Policies (renters_policy_id, policy_id, liability_amount, property_damage_amount, premium) VALUES
('RENT00001', 'POL00004', '500000', '200000', '1200'),
('RENT00002', 'POL00008', '550000', '220000', '1100'),
('RENT00003', 'POL00012', '520000', '210000', '1300'),
('RENT00004', 'POL00016', '510000', '205000', '1250'),
('RENT00005', 'POL00020', '530000', '215000', '1150'),
('RENT00006', 'POL00001', '500000', '200000', '1200'),
('RENT00007', 'POL00005', '510000', '205000', '1250'),
('RENT00008', 'POL00009', '520000', '210000', '1300'),
('RENT00009', 'POL00013', '530000', '215000', '1350'),
('RENT00010', 'POL00017', '540000', '220000', '1400'),
('RENT00011', 'POL00002', '500000', '200000', '1200'),
('RENT00012', 'POL00006', '510000', '205000', '1250'),
('RENT00013', 'POL00010', '520000', '210000', '1300'),
('RENT00014', 'POL00014', '530000', '215000', '1350'),
('RENT00015', 'POL00018', '540000', '220000', '1400'),
('RENT00016', 'POL00003', '500000', '200000', '1200'),
('RENT00017', 'POL00007', '510000', '205000', '1250'),
('RENT00018', 'POL00011', '520000', '210000', '1300'),
('RENT00019', 'POL00015', '530000', '215000', '1350'),
('RENT00020', 'POL00019', '540000', '220000', '1400');

INSERT INTO Life_Insurance_Policies (life_policy_id, policy_id, premium_amount, benefit_amount, beneficiary) VALUES
('LIFE00001', 'POL00003', '1500', '500000', 'Anna Andersson'),
('LIFE00002', 'POL00006', '1600', '600000', 'Johan Eriksson'),
('LIFE00003', 'POL00010', '1700', '550000', 'Kristina Pettersson'),
('LIFE00004', 'POL00014', '1550', '580000', 'Elin Berg'),
('LIFE00005', 'POL00018', '1650', '610000', 'Malin Lundgren'),
('LIFE00006', 'POL00002', '1400', '480000', 'Lisa Berg'),
('LIFE00007', 'POL00005', '1500', '500000', 'Johan Eriksson'),
('LIFE00008', 'POL00009', '1600', '520000', 'Anders Gustafsson'),
('LIFE00009', 'POL00013', '1700', '540000', 'Fredrik Nilsson'),
('LIFE00010', 'POL00017', '1550', '560000', 'Daniel Holm'),
('LIFE00011', 'POL00001', '1500', '500000', 'Erik Andersson'),
('LIFE00012', 'POL00004', '1600', '600000', 'Maria Nilsson'),
('LIFE00013', 'POL00008', '1700', '550000', 'Eva Svensson'),
('LIFE00014', 'POL00012', '1550', '580000', 'Sofia Johansdotter'),
('LIFE00015', 'POL00016', '1650', '610000', 'Jenny Axelsson'),
('LIFE00016', 'POL00020', '1500', '500000', 'Sara Ek'),
('LIFE00017', 'POL00007', '1600', '600000', 'Maria Lund'),
('LIFE00018', 'POL00011', '1700', '550000', 'Magnus Jonsson'),
('LIFE00019', 'POL00015', '1550', '580000', 'Oskar Lindberg'),
('LIFE00020', 'POL00019', '1650', '610000', 'Peter Sjöberg');

INSERT INTO Claim_Investigations (investigation_id, claim_id, investigator_name, investigation_date, findings) VALUES
('INV00001', 'CLM00001', 'Lars Svensson', '2023-06-10', 'Claim valid and approved'),
('INV00002', 'CLM00002', 'Anna Berg', '2023-07-20', 'Investigation ongoing'),
('INV00003', 'CLM00003', 'Erik Lind', '2023-05-25', 'Claim approved'),
('INV00004', 'CLM00004', 'Maria Holm', '2023-08-15', 'Claim denied due to insufficient evidence'),
('INV00005', 'CLM00005', 'Per Nilsson', '2023-09-10', 'Claim valid'),
('INV00006', 'CLM00006', 'Karin Lund', '2023-10-25', 'Investigation ongoing'),
('INV00007', 'CLM00007', 'Fredrik Karlsson', '2023-11-20', 'Claim approved'),
('INV00008', 'CLM00008', 'Sara Olsson', '2023-12-05', 'Investigation ongoing'),
('INV00009', 'CLM00009', 'Magnus Eriksson', '2024-01-15', 'Claim valid'),
('INV00010', 'CLM00010', 'Karin Johansson', '2024-02-10', 'Claim approved'),
('INV00011', 'CLM00011', 'Daniel Axelsson', '2024-03-20', 'Investigation ongoing'),
('INV00012', 'CLM00012', 'Elin Persson', '2024-04-15', 'Claim denied'),
('INV00013', 'CLM00013', 'Oskar Sjöberg', '2024-05-25', 'Claim valid'),
('INV00014', 'CLM00014', 'Jenny Bergström', '2024-06-20', 'Investigation ongoing'),
('INV00015', 'CLM00015', 'Peter Lundgren', '2024-07-15', 'Claim approved'),
('INV00016', 'CLM00016', 'Malin Svensson', '2024-08-10', 'Investigation ongoing'),
('INV00017', 'CLM00017', 'Kristina Holmberg', '2024-09-20', 'Claim valid'),
('INV00018', 'CLM00018', 'Anders Lindberg', '2024-10-15', 'Claim approved'),
('INV00019', 'CLM00019', 'Sofia Pettersson', '2024-11-10', 'Investigation ongoing'),
('INV00020', 'CLM00020', 'Magnus Jonsson', '2024-12-05', 'Claim denied');

INSERT INTO Claim_Status_Reasons (reason_id, reason_description) VALUES
('RSN0001', 'Initial submission'),
('RSN0002', 'Additional documents required'),
('RSN0003', 'Investigation in progress'),
('RSN0004', 'Claim approved'),
('RSN0005', 'Claim denied'),
('RSN0006', 'Fraud suspected'),
('RSN0007', 'Payment processing'),
('RSN0008', 'Customer requested update'),
('RSN0009', 'Legal review'),
('RSN0010', 'Policy expired'),
('RSN0011', 'Duplicate claim'),
('RSN0012', 'Claim withdrawn'),
('RSN0013', 'Adjuster assigned'),
('RSN0014', 'Reopened claim'),
('RSN0015', 'Pending external review'),
('RSN0016', 'Claim escalated'),
('RSN0017', 'Settlement offer made'),
('RSN0018', 'Settlement accepted'),
('RSN0019', 'Claim closed'),
('RSN0020', 'Other');

INSERT INTO Claim_Status_History (claim_id, status, reason_id, status_date) VALUES
('CLM00001', 'pending', 'RSN0001', '2023-06-01'),
('CLM00001', 'approved', 'RSN0004', '2023-06-10'),
('CLM00002', 'pending', 'RSN0001', '2023-07-15'),
('CLM00002', 'investigation', 'RSN0003', '2023-07-20'),
('CLM00003', 'pending', 'RSN0001', '2023-05-20'),
('CLM00003', 'approved', 'RSN0004', '2023-05-25'),
('CLM00004', 'pending', 'RSN0001', '2023-08-10'),
('CLM00004', 'denied', 'RSN0005', '2023-08-15'),
('CLM00005', 'pending', 'RSN0001', '2023-09-05'),
('CLM00005', 'approved', 'RSN0004', '2023-09-10'),
('CLM00006', 'pending', 'RSN0001', '2023-10-20'),
('CLM00006', 'investigation', 'RSN0003', '2023-10-25'),
('CLM00007', 'pending', 'RSN0001', '2023-11-15'),
('CLM00007', 'approved', 'RSN0004', '2023-11-20'),
('CLM00008', 'pending', 'RSN0001', '2023-12-01'),
('CLM00008', 'investigation', 'RSN0003', '2023-12-05'),
('CLM00009', 'pending', 'RSN0001', '2024-01-10'),
('CLM00009', 'approved', 'RSN0004', '2024-01-15'),
('CLM00010', 'pending', 'RSN0001', '2024-02-05'),
('CLM00010', 'approved', 'RSN0004', '2024-02-10');

INSERT INTO Customer_Payments (payment_id, customer_id, payment_date, amount, payment_method) VALUES
('CPAY00001', 'CUST0001', '2023-01-01', '5000', 'credit card'),
('CPAY00002', 'CUST0002', '2023-02-15', '3000', 'bank transfer'),
('CPAY00003', 'CUST0003', '2022-12-01', '1500', 'credit card'),
('CPAY00004', 'CUST0004', '2023-03-10', '1200', 'cash'),
('CPAY00005', 'CUST0005', '2023-04-05', '4800', 'credit card'),
('CPAY00006', 'CUST0006', '2023-05-20', '1600', 'bank transfer'),
('CPAY00007', 'CUST0007', '2023-06-15', '3200', 'credit card'),
('CPAY00008', 'CUST0008', '2023-07-01', '1100', 'cash'),
('CPAY00009', 'CUST0009', '2023-08-12', '5100', 'credit card'),
('CPAY00010', 'CUST0010', '2023-09-30', '1700', 'bank transfer'),
('CPAY00011', 'CUST0011', '2023-10-10', '3500', 'credit card'),
('CPAY00012', 'CUST0012', '2023-11-05', '1300', 'cash'),
('CPAY00013', 'CUST0013', '2023-12-01', '4900', 'credit card'),
('CPAY00014', 'CUST0014', '2024-01-15', '1550', 'bank transfer'),
('CPAY00015', 'CUST0015', '2024-02-20', '3400', 'credit card'),
('CPAY00016', 'CUST0016', '2024-03-10', '1250', 'cash'),
('CPAY00017', 'CUST0017', '2024-04-05', '5200', 'credit card'),
('CPAY00018', 'CUST0018', '2024-05-15', '1650', 'bank transfer'),
('CPAY00019', 'CUST0019', '2024-06-01', '3600', 'credit card'),
('CPAY00020', 'CUST0020', '2024-07-01', '1150', 'cash');

INSERT INTO Beneficiaries (beneficiary_id, life_policy_id, beneficiary_name, relationship, percentage) VALUES
('BEN00001', 'LIFE00001', 'Anna Andersson', 'Spouse', '100'),
('BEN00002', 'LIFE00002', 'Johan Eriksson', 'Spouse', '100'),
('BEN00003', 'LIFE00003', 'Kristina Pettersson', 'Spouse', '100'),
('BEN00004', 'LIFE00004', 'Elin Berg', 'Spouse', '100'),
('BEN00005', 'LIFE00005', 'Malin Lundgren', 'Spouse', '100'),
('BEN00006', 'LIFE00006', 'Lisa Berg', 'Spouse', '100'),
('BEN00007', 'LIFE00007', 'Johan Eriksson', 'Spouse', '100'),
('BEN00008', 'LIFE00008', 'Anders Gustafsson', 'Spouse', '100'),
('BEN00009', 'LIFE00009', 'Fredrik Nilsson', 'Spouse', '100'),
('BEN00010', 'LIFE00010', 'Daniel Holm', 'Spouse', '100'),
('BEN00011', 'LIFE00011', 'Erik Andersson', 'Spouse', '100'),
('BEN00012', 'LIFE00012', 'Maria Nilsson', 'Spouse', '100'),
('BEN00013', 'LIFE00013', 'Eva Svensson', 'Spouse', '100'),
('BEN00014', 'LIFE00014', 'Sofia Johansdotter', 'Spouse', '100'),
('BEN00015', 'LIFE00015', 'Jenny Axelsson', 'Spouse', '100'),
('BEN00016', 'LIFE00016', 'Sara Ek', 'Spouse', '100'),
('BEN00017', 'LIFE00017', 'Maria Lund', 'Spouse', '100'),
('BEN00018', 'LIFE00018', 'Magnus Jonsson', 'Spouse', '100'),
('BEN00019', 'LIFE00019', 'Oskar Lindberg', 'Spouse', '100'),
('BEN00020', 'LIFE00020', 'Peter Sjöberg', 'Spouse', '100');

INSERT INTO Policy_Coverages (coverage_id, policy_id, coverage_type, coverage_limit, premium) VALUES
('COV00001', 'POL00001', 'Liability', '100000', '500'),
('COV00002', 'POL00002', 'Fire', '200000', '300'),
('COV00003', 'POL00003', 'Life Benefit', '500000', '150'),
('COV00004', 'POL00004', 'Theft', '50000', '120'),
('COV00005', 'POL00005', 'Collision', '150000', '480'),
('COV00006', 'POL00006', 'Life Benefit', '600000', '160'),
('COV00007', 'POL00007', 'Fire', '220000', '320'),
('COV00008', 'POL00008', 'Theft', '55000', '110'),
('COV00009', 'POL00009', 'Liability', '105000', '510'),
('COV00010', 'POL00010', 'Life Benefit', '550000', '170'),
('COV00011', 'POL00011', 'Fire', '250000', '350'),
('COV00012', 'POL00012', 'Theft', '60000', '130'),
('COV00013', 'POL00013', 'Collision', '155000', '490'),
('COV00014', 'POL00014', 'Life Benefit', '580000', '155'),
('COV00015', 'POL00015', 'Fire', '240000', '340'),
('COV00016', 'POL00016', 'Theft', '53000', '125'),
('COV00017', 'POL00017', 'Liability', '110000', '520'),
('COV00018', 'POL00018', 'Life Benefit', '610000', '165'),
('COV00019', 'POL00019', 'Fire', '260000', '360'),
('COV00020', 'POL00020', 'Theft', '58000', '115');

INSERT INTO Reinsurance_Contracts (contract_id, reinsurer_name, contract_start_date, contract_end_date, contract_amount) VALUES
('REINS0001', 'Global Reinsurance Ltd', '2023-01-01', '2025-01-01', '10000000'),
('REINS0002', 'Nordic Re', '2023-02-01', '2025-02-01', '12000000'),
('REINS0003', 'Scandinavian Re', '2023-03-01', '2025-03-01', '11000000'),
('REINS0004', 'Euro Re', '2023-04-01', '2025-04-01', '11500000'),
('REINS0005', 'Global Reinsurance Ltd', '2023-05-01', '2025-05-01', '12500000'),
('REINS0006', 'Nordic Re', '2023-06-01', '2025-06-01', '13000000'),
('REINS0007', 'Scandinavian Re', '2023-07-01', '2025-07-01', '14000000'),
('REINS0008', 'Euro Re', '2023-08-01', '2025-08-01', '13500000'),
('REINS0009', 'Global Reinsurance Ltd', '2023-09-01', '2025-09-01', '14500000'),
('REINS0010', 'Nordic Re', '2023-10-01', '2025-10-01', '15000000'),
('REINS0011', 'Scandinavian Re', '2023-11-01', '2025-11-01', '15500000'),
('REINS0012', 'Euro Re', '2023-12-01', '2025-12-01', '16000000'),
('REINS0013', 'Global Reinsurance Ltd', '2024-01-01', '2026-01-01', '16500000'),
('REINS0014', 'Nordic Re', '2024-02-01', '2026-02-01', '17000000'),
('REINS0015', 'Scandinavian Re', '2024-03-01', '2026-03-01', '17500000'),
('REINS0016', 'Euro Re', '2024-04-01', '2026-04-01', '18000000'),
('REINS0017', 'Global Reinsurance Ltd', '2024-05-01', '2026-05-01', '18500000'),
('REINS0018', 'Nordic Re', '2024-06-01', '2026-06-01', '19000000'),
('REINS0019', 'Scandinavian Re', '2024-07-01', '2026-07-01', '19500000'),
('REINS0020', 'Euro Re', '2024-08-01', '2026-08-01', '20000000');

INSERT INTO Policy_Reinsurance (policy_id, contract_id) VALUES
('POL00001', 'REINS0001'),
('POL00002', 'REINS0002'),
('POL00003', 'REINS0003'),
('POL00004', 'REINS0004'),
('POL00005', 'REINS0005'),
('POL00006', 'REINS0006'),
('POL00007', 'REINS0007'),
('POL00008', 'REINS0008'),
('POL00009', 'REINS0009'),
('POL00010', 'REINS0010'),
('POL00011', 'REINS0011'),
('POL00012', 'REINS0012'),
('POL00013', 'REINS0013'),
('POL00014', 'REINS0014'),
('POL00015', 'REINS0015'),
('POL00016', 'REINS0016'),
('POL00017', 'REINS0017'),
('POL00018', 'REINS0018'),
('POL00019', 'REINS0019'),
('POL00020', 'REINS0020');

INSERT INTO Adjusters (adjuster_id, first_name, last_name, experience_years, phone, email) VALUES
('ADJ0001', 'Lars', 'Svensson', '10', '0701111111', 'lars.svensson@adjusters.se'),
('ADJ0002', 'Anna', 'Berg', '8', '0702222222', 'anna.berg@adjusters.se'),
('ADJ0003', 'Erik', 'Lind', '12', '0703333333', 'erik.lind@adjusters.se'),
('ADJ0004', 'Maria', 'Holm', '7', '0704444444', 'maria.holm@adjusters.se'),
('ADJ0005', 'Per', 'Nilsson', '9', '0705555555', 'per.nilsson@adjusters.se'),
('ADJ0006', 'Karin', 'Lund', '6', '0706666666', 'karin.lund@adjusters.se'),
('ADJ0007', 'Fredrik', 'Karlsson', '11', '0707777777', 'fredrik.karlsson@adjusters.se'),
('ADJ0008', 'Sara', 'Olsson', '5', '0708888888', 'sara.olsson@adjusters.se'),
('ADJ0009', 'Magnus', 'Eriksson', '13', '0709999999', 'magnus.eriksson@adjusters.se'),
('ADJ0010', 'Karin', 'Johansson', '4', '0701010101', 'karin.johansson@adjusters.se'),
('ADJ0011', 'Daniel', 'Axelsson', '10', '0702020202', 'daniel.axelsson@adjusters.se'),
('ADJ0012', 'Elin', 'Persson', '7', '0703030303', 'elin.persson@adjusters.se'),
('ADJ0013', 'Oskar', 'Sjöberg', '9', '0704040404', 'oskar.sjoberg@adjusters.se'),
('ADJ0014', 'Jenny', 'Bergström', '6', '0705050505', 'jenny.bergstrom@adjusters.se'),
('ADJ0015', 'Peter', 'Lundgren', '8', '0706060606', 'peter.lundgren@adjusters.se'),
('ADJ0016', 'Malin', 'Svensson', '5', '0707070707', 'malin.svensson@adjusters.se'),
('ADJ0017', 'Kristina', 'Holmberg', '11', '0708080808', 'kristina.holmberg@adjusters.se'),
('ADJ0018', 'Anders', 'Lindberg', '12', '0709090909', 'anders.lindberg@adjusters.se'),
('ADJ0019', 'Sofia', 'Pettersson', '7', '0701111212', 'sofia.pettersson@adjusters.se'),
('ADJ0020', 'Magnus', 'Jonsson', '9', '0701314151', 'magnus.jonsson@adjusters.se');

INSERT INTO Claims_Adjusters (claim_id, adjuster_id) VALUES
('CLM00001', 'ADJ0001'),
('CLM00002', 'ADJ0002'),
('CLM00003', 'ADJ0003'),
('CLM00004', 'ADJ0004'),
('CLM00005', 'ADJ0005'),
('CLM00006', 'ADJ0006'),
('CLM00007', 'ADJ0007'),
('CLM00008', 'ADJ0008'),
('CLM00009', 'ADJ0009'),
('CLM00010', 'ADJ0010'),
('CLM00011', 'ADJ0011'),
('CLM00012', 'ADJ0012'),
('CLM00013', 'ADJ0013'),
('CLM00014', 'ADJ0014'),
('CLM00015', 'ADJ0015'),
('CLM00016', 'ADJ0016'),
('CLM00017', 'ADJ0017'),
('CLM00018', 'ADJ0018'),
('CLM00019', 'ADJ0019'),
('CLM00020', 'ADJ0020');

